file_id,accent
10000,1
10001,1
10002,0
10003,2
10004,1
10005,1
10006,1
10007,2
10008,0
10009,2
10010,2
10011,2
10012,1
10013,2
10014,1
10015,2
10016,1
10017,0
10018,1
10019,2
10020,2
10021,0
10022,1
10023,0
10024,0
10025,0
10026,0
10027,1
10028,2
10029,2
10030,1
10031,0
10032,0
10033,1
10034,0
10035,1
10036,1
10037,2
10038,2
10039,2
10040,2
10041,2
10042,0
10043,0
10044,0
10045,2
10046,2
10047,2
10048,2
10049,1
10050,2
10051,1
10052,0
10053,0
10054,0
10055,0
10056,0
10057,1
10058,0
10059,2
10060,1
10061,1
10062,1
10063,1
10064,0
10065,2
10066,1
10067,0
10068,2
10069,1
10070,0
10071,2
10072,2
10073,1
10074,1
10075,1
10076,1
10077,1
10078,2
10079,1
10080,0
10081,0
10082,2
10083,0
10084,0
10085,0
10086,1
10087,0
10088,1
10089,0
10090,1
10091,1
10092,1
10093,0
10094,0
10095,2
10096,0
10097,0
10098,1
10099,1
10100,0
10101,0
10102,2
10103,2
10104,0
10105,0
10106,2
10107,0
10108,1
10109,2
10110,1
10111,0
10112,2
10113,0
10114,0
10115,1
10116,2
10117,1
10118,1
10119,1
10120,2
10121,0
10122,1
10123,0
10124,0
10125,0
10126,0
10127,1
10128,0
10129,2
10130,1
10131,1
10132,1
10133,0
10134,1
10135,2
10136,2
10137,2
10138,1
10139,2
10140,2
10141,2
10142,1
10143,0
10144,0
10145,1
10146,0
10147,0
10148,0
10149,1
10150,2
10151,2
10152,2
10153,1
10154,0
10155,2
10156,0
10157,1
10158,2
10159,2
10160,2
10161,1
10162,1
10163,0
10164,0
10165,0
10166,0
10167,1
10168,1
10169,1
10170,2
10171,2
10172,1
10173,0
10174,0
10175,1
10176,2
10177,2
10178,2
10179,2
10180,1
10181,0
10182,1
10183,0
10184,0
10185,2
10186,1
10187,1
10188,0
10189,2
10190,1
10191,0
10192,2
10193,2
10194,1
10195,1
10196,1
10197,0
10198,0
10199,0
10200,1
10201,1
10202,1
10203,0
10204,0
10205,1
10206,2
10207,2
10208,1
10209,2
10210,2
10211,2
10212,0
10213,0
10214,0
10215,1
10216,2
10217,1
10218,2
10219,0
10220,0
10221,1
10222,0
10223,0
10224,0
10225,1
10226,2
10227,1
10228,0
10229,1
10230,2
10231,0
10232,0
10233,2
10234,0
10235,0
10236,2
10237,2
10238,2
10239,1
10240,2
10241,2
10242,1
10243,1
10244,1
10245,0
10246,2
10247,0
10248,2
10249,2
10250,1
10251,1
10252,2
10253,2
10254,1
10255,1
10256,1
10257,2
10258,1
10259,2
10260,2
10261,2
10262,1
10263,1
10264,0
10265,0
10266,0
10267,2
10268,2
10269,0
10270,2
10271,1
10272,2
10273,1
10274,0
10275,2
10276,1
10277,0
10278,2
10279,0
10280,0
10281,1
10282,2
10283,0
10284,2
10285,0
10286,1
10287,1
10288,2
10289,0
10290,2
10291,2
10292,0
10293,0
10294,2
10295,0
10296,1
10297,0
10298,2
10299,2
10300,2
10301,2
10302,1
10303,1
10304,0
10305,0
10306,0
10307,0
10308,1
10309,0
10310,0
10311,1
10312,1
10313,1
10314,2
10315,1
10316,1
10317,2
10318,0
10319,2
10320,0
10321,2
10322,0
10323,2
10324,2
10325,2
10326,0
10327,2
10328,2
10329,2
10330,1
10331,2
10332,1
10333,2
10334,2
10335,1
10336,2
10337,0
10338,1
10339,0
10340,2
10341,1
10342,2
10343,0
10344,2
10345,1
10346,1
10347,1
10348,0
10349,1
10350,2
10351,1
10352,1
10353,1
10354,2
10355,0
10356,2
10357,0
10358,1
10359,2
10360,1
10361,0
10362,1
10363,0
10364,1
10365,0
10366,1
10367,0
10368,1
10369,2
10370,0
10371,0
10372,2
10373,0
10374,1
10375,2
10376,0
10377,0
10378,2
10379,0
10380,1
10381,0
10382,0
10383,2
10384,2
10385,0
10386,2
10387,2
10388,1
10389,1
10390,0
10391,1
10392,0
10393,0
10394,2
10395,0
10396,0
10397,0
10398,2
10399,0
10400,2
10401,2
10402,0
10403,1
10404,1
10405,1
10406,1
10407,1
10408,1
10409,2
10410,2
10411,0
10412,0
10413,0
10414,0
10415,0
10416,0
10417,0
10418,0
10419,0
10420,2
10421,2
10422,1
10423,1
10424,2
10425,2
10426,0
10427,2
10428,1
10429,1
10430,0
10431,1
10432,0
10433,0
10434,1
10435,0
10436,2
10437,2
10438,2
10439,2
10440,2
10441,1
10442,0
10443,0
10444,2
10445,1
10446,2
10447,2
10448,1
10449,1
10450,1
10451,2
10452,1
10453,1
10454,1
10455,1
10456,2
10457,2
10458,2
10459,1
10460,0
10461,2
10462,0
10463,0
10464,0
10465,0
10466,1
10467,0
10468,0
10469,1
10470,0
10471,1
10472,0
10473,0
10474,0
10475,1
10476,0
10477,0
10478,2
10479,0
10480,0
10481,0
10482,0
10483,1
10484,2
10485,2
10486,2
10487,0
10488,1
10489,2
10490,0
10491,1
10492,1
10493,2
10494,2
10495,2
10496,0
10497,2
10498,2
10499,2
10500,2
10501,2
10502,0
10503,2
10504,0
10505,0
10506,2
10507,1
10508,0
10509,0
10510,2
10511,2
10512,2
10513,1
10514,2
10515,1
10516,2
10517,2
10518,0
10519,0
10520,2
10521,1
10522,1
10523,0
10524,1
10525,1
10526,2
10527,0
10528,1
10529,1
10530,1
10531,2
10532,1
10533,0
10534,2
10535,2
10536,1
10537,0
10538,2
10539,1
10540,0
10541,0
10542,1
10543,0
10544,1
10545,1
10546,1
10547,2
10548,1
10549,0
10550,1
10551,2
10552,2
10553,1
10554,0
10555,1
10556,1
10557,2
10558,0
10559,0
10560,1
10561,1
10562,1
10563,1
10564,0
10565,1
10566,2
10567,0
10568,1
10569,2
10570,2
10571,0
10572,0
10573,1
10574,0
10575,2
10576,1
10577,1
10578,0
10579,0
10580,2
10581,2
10582,2
10583,0
10584,1
10585,1
10586,2
10587,1
10588,0
10589,0
10590,2
10591,1
10592,0
10593,0
10594,1
10595,2
10596,2
10597,2
10598,1
10599,0
10600,0
10601,0
10602,2
10603,1
10604,2
10605,1
10606,2
10607,1
10608,2
10609,0
10610,0
10611,2
10612,0
10613,2
10614,0
10615,0
10616,0
10617,0
10618,0
10619,1
10620,2
10621,2
10622,2
10623,2
10624,2
10625,0
10626,0
10627,1
10628,1
10629,0
10630,0
10631,2
10632,1
10633,2
10634,0
10635,0
10636,0
10637,0
10638,0
10639,1
10640,2
10641,2
10642,0
10643,1
10644,2
10645,1
10646,1
10647,2
10648,2
10649,2
10650,0
10651,0
10652,2
10653,2
10654,1
10655,2
10656,0
10657,0
10658,1
10659,2
10660,1
10661,0
10662,0
10663,0
10664,0
10665,2
10666,1
10667,1
10668,0
10669,0
10670,0
10671,1
10672,2
10673,0
10674,0
10675,0
10676,0
10677,0
10678,1
10679,1
10680,1
10681,1
10682,1
10683,0
10684,1
10685,1
10686,0
10687,0
10688,0
10689,1
10690,0
10691,2
10692,2
10693,1
10694,1
10695,1
10696,2
10697,1
10698,0
10699,1
10700,2
10701,2
10702,2
10703,2
10704,2
10705,0
10706,1
10707,2
10708,1
10709,2
10710,1
10711,2
10712,1
10713,1
10714,1
10715,2
10716,1
10717,2
10718,2
10719,2
10720,2
10721,0
10722,2
10723,2
10724,2
10725,2
10726,2
10727,1
10728,1
10729,0
10730,1
10731,2
10732,0
10733,0
10734,2
10735,2
10736,1
10737,1
10738,2
10739,0
10740,2
10741,2
10742,2
10743,2
10744,1
10745,2
10746,0
10747,1
10748,2
10749,0
10750,2
10751,1
10752,1
10753,2
10754,0
10755,1
10756,2
10757,1
10758,0
10759,2
10760,1
10761,0
10762,1
10763,2
10764,0
10765,2
10766,0
10767,0
10768,2
10769,1
10770,0
10771,1
10772,1
10773,0
10774,0
10775,2
10776,0
10777,0
10778,0
10779,0
10780,1
10781,1
10782,1
10783,1
10784,2
10785,0
10786,1
10787,2
10788,0
10789,0
10790,0
10791,2
10792,0
10793,1
10794,1
10795,0
10796,2
10797,0
10798,0
10799,0
10800,2
10801,0
10802,1
10803,0
10804,0
10805,2
10806,2
10807,0
10808,1
10809,1
10810,2
10811,0
10812,0
10813,1
10814,2
10815,0
10816,0
10817,2
10818,2
10819,2
10820,1
10821,1
10822,1
10823,2
10824,1
10825,2
10826,2
10827,1
10828,0
10829,1
10830,2
10831,2
10832,2
10833,0
10834,1
10835,1
10836,0
10837,1
10838,1
10839,0
10840,0
10841,0
10842,0
10843,1
10844,1
10845,0
10846,2
10847,0
10848,1
10849,1
10850,1
10851,0
10852,2
10853,0
10854,2
10855,2
10856,2
10857,0
10858,1
10859,2
10860,0
10861,2
10862,1
10863,0
10864,2
10865,0
10866,0
10867,0
10868,2
10869,2
10870,0
10871,1
10872,2
10873,1
10874,0
10875,2
10876,2
10877,1
10878,1
10879,0
10880,2
10881,0
10882,2
10883,1
10884,0
10885,2
10886,0
10887,2
10888,1
10889,2
10890,2
10891,2
10892,1
10893,1
10894,2
10895,1
10896,2
10897,2
10898,1
10899,2
10900,0
10901,2
10902,2
10903,2
10904,1
10905,1
10906,2
10907,2
10908,0
10909,0
10910,2
10911,0
10912,2
10913,0
10914,1
10915,2
10916,0
10917,2
10918,1
10919,2
10920,1
10921,0
10922,1
10923,1
10924,1
10925,2
10926,0
10927,0
10928,2
10929,1
10930,0
10931,2
10932,1
10933,0
10934,2
10935,2
10936,0
10937,2
10938,2
10939,2
10940,0
10941,2
10942,0
10943,1
10944,1
10945,1
10946,2
10947,1
10948,2
10949,1
10950,0
10951,0
10952,0
10953,2
10954,2
10955,1
10956,1
10957,2
10958,2
10959,0
10960,0
10961,0
10962,1
10963,0
10964,2
10965,0
10966,0
10967,0
10968,1
10969,0
10970,0
10971,0
10972,2
10973,1
10974,1
10975,2
10976,2
10977,2
10978,2
10979,2
10980,2
10981,1
10982,2
10983,2
10984,1
10985,1
10986,2
10987,2
10988,1
10989,1
10990,0
10991,0
10992,2
10993,0
10994,2
10995,0
10996,0
10997,0
10998,0
10999,1
11000,1
11001,2
11002,1
11003,0
11004,0
11005,0
11006,1
11007,0
11008,1
11009,0
11010,0
11011,0
11012,2
11013,0
11014,2
11015,2
11016,0
11017,1
11018,1
11019,0
11020,1
11021,2
11022,2
11023,2
11024,1
11025,2
11026,0
11027,0
11028,1
11029,0
11030,1
11031,1
11032,2
11033,0
11034,2
11035,2
11036,1
11037,0
11038,2
11039,0
11040,0
11041,1
11042,0
11043,1
11044,1
11045,1
11046,2
11047,1
11048,2
11049,0
11050,0
11051,1
11052,1
11053,2
11054,0
11055,1
11056,1
11057,1
11058,2
11059,1
11060,0
11061,1
11062,1
11063,1
11064,2
11065,1
11066,2
11067,2
11068,1
11069,0
11070,2
11071,2
11072,2
11073,0
11074,2
11075,0
11076,1
11077,1
11078,0
11079,1
11080,2
11081,1
11082,2
11083,1
11084,2
11085,0
11086,1
11087,1
11088,1
11089,0
11090,1
11091,0
11092,1
11093,2
11094,0
11095,2
11096,2
11097,1
11098,0
11099,0
11100,0
11101,0
11102,1
11103,0
11104,0
11105,2
11106,2
11107,0
11108,2
11109,0
11110,1
11111,1
11112,2
11113,0
11114,1
11115,0
11116,2
11117,1
11118,2
11119,2
11120,0
11121,0
11122,0
11123,0
11124,1
11125,1
11126,2
11127,1
11128,0
11129,1
11130,0
11131,1
11132,2
11133,2
11134,2
11135,0
11136,1
11137,0
11138,2
11139,2
11140,0
11141,0
11142,0
11143,2
11144,1
11145,1
11146,1
11147,2
11148,1
11149,1
11150,2
11151,0
11152,1
11153,2
11154,2
11155,1
11156,0
11157,2
11158,2
11159,2
11160,1
11161,1
11162,0
11163,0
11164,1
11165,1
11166,1
11167,2
11168,1
11169,2
11170,1
11171,0
11172,2
11173,2
11174,0
11175,1
11176,0
11177,2
11178,1
11179,1
11180,1
11181,1
11182,2
11183,2
11184,1
11185,2
11186,2
11187,2
11188,0
11189,2
11190,1
11191,2
11192,2
11193,0
11194,2
11195,0
11196,0
11197,1
11198,0
11199,0
11200,2
11201,2
11202,1
11203,0
11204,1
11205,0
11206,0
11207,0
11208,1
11209,0
11210,1
11211,0
11212,0
11213,0
11214,2
11215,1
11216,0
11217,0
11218,1
11219,0
11220,0
11221,2
11222,2
11223,0
11224,2
11225,0
11226,0
11227,2
11228,0
11229,2
11230,1
11231,1
11232,2
11233,2
11234,1
11235,0
11236,0
11237,2
11238,2
11239,1
11240,2
11241,0
11242,0
11243,0
11244,0
11245,2
11246,1
11247,0
11248,1
11249,2
11250,1
11251,0
11252,1
11253,1
11254,1
11255,1
11256,2
11257,1
11258,2
11259,1
11260,1
11261,0
11262,2
11263,2
11264,0
11265,0
11266,1
11267,1
11268,2
11269,0
11270,1
11271,2
11272,0
11273,0
11274,1
11275,2
11276,1
11277,2
11278,0
11279,2
11280,2
11281,2
11282,0
11283,1
11284,2
11285,1
11286,1
11287,0
11288,2
11289,0
11290,0
11291,2
11292,1
11293,0
11294,2
11295,1
11296,0
11297,2
11298,0
11299,2
11300,0
11301,2
11302,1
11303,0
11304,2
11305,0
11306,0
11307,1
11308,2
11309,0
11310,1
11311,0
11312,0
11313,1
11314,0
11315,2
11316,2
11317,2
11318,1
11319,1
11320,0
11321,2
11322,1
11323,1
11324,2
11325,1
11326,0
11327,0
11328,0
11329,2
11330,2
11331,2
11332,1
11333,0
11334,0
11335,2
11336,2
11337,0
11338,2
11339,1
11340,1
11341,0
11342,2
11343,1
11344,0
11345,0
11346,2
11347,0
11348,0
11349,2
11350,1
11351,1
11352,2
11353,0
11354,1
11355,0
11356,0
11357,1
11358,1
11359,2
11360,0
11361,1
11362,2
11363,1
11364,0
11365,2
11366,0
11367,2
11368,0
11369,2
11370,1
11371,2
11372,1
11373,2
11374,2
11375,1
11376,1
11377,2
11378,1
11379,2
11380,1
11381,2
11382,1
11383,1
11384,0
11385,1
11386,2
11387,2
11388,1
11389,0
11390,2
11391,1
11392,1
11393,2
11394,0
11395,0
11396,1
11397,2
11398,1
11399,0
11400,1
11401,0
11402,2
11403,1
11404,0
11405,1
11406,2
11407,2
11408,2
11409,1
11410,0
11411,0
11412,1
11413,0
11414,0
11415,2
11416,1
11417,0
11418,0
11419,1
11420,0
11421,0
11422,0
11423,0
11424,0
11425,2
11426,2
11427,1
11428,1
11429,0
11430,0
11431,2
11432,2
11433,2
11434,1
11435,1
11436,0
11437,1
11438,0
11439,1
11440,1
11441,2
11442,1
11443,1
11444,0
11445,0
11446,0
11447,0
11448,2
11449,1
11450,2
11451,0
11452,1
11453,1
11454,2
11455,2
11456,0
11457,0
11458,2
11459,0
11460,2
11461,0
11462,1
11463,2
11464,0
11465,1
11466,0
11467,2
11468,1
11469,2
11470,2
11471,2
11472,1
11473,2
11474,2
11475,2
11476,0
11477,0
11478,0
11479,2
11480,0
11481,1
11482,1
11483,0
11484,2
11485,1
11486,2
11487,1
11488,0
11489,1
11490,2
11491,0
11492,0
11493,1
11494,0
11495,0
11496,2
11497,1
11498,1
11499,2
11500,2
11501,2
11502,2
11503,0
11504,0
11505,2
11506,0
11507,0
11508,0
11509,2
11510,1
11511,0
11512,2
11513,0
11514,2
11515,1
11516,1
11517,1
11518,2
11519,2
11520,0
11521,0
11522,0
11523,2
11524,1
11525,2
11526,2
11527,1
11528,2
11529,1
11530,1
11531,0
11532,0
11533,2
11534,1
11535,2
11536,1
11537,0
11538,2
11539,0
11540,0
11541,0
11542,2
11543,1
11544,0
11545,0
11546,1
11547,1
11548,1
11549,1
11550,0
11551,2
11552,1
11553,1
11554,1
11555,2
11556,1
11557,1
11558,2
11559,1
11560,2
11561,0
11562,0
11563,1
11564,2
11565,2
11566,1
11567,2
11568,2
11569,0
11570,0
11571,2
11572,1
11573,1
11574,2
11575,2
11576,0
11577,0
11578,2
11579,1
11580,2
11581,1
11582,2
11583,0
11584,0
11585,2
11586,1
11587,2
11588,0
11589,2
11590,0
11591,1
11592,1
11593,1
11594,2
11595,2
11596,1
11597,0
11598,1
11599,2
11600,1
11601,0
11602,2
11603,0
11604,1
11605,1
11606,2
11607,0
11608,2
11609,0
11610,2
11611,0
11612,2
11613,0
11614,2
11615,2
11616,2
11617,1
11618,0
11619,0
11620,2
11621,1
11622,0
11623,1
11624,1
11625,0
11626,1
11627,2
11628,0
11629,0
11630,0
11631,1
11632,2
11633,0
11634,0
11635,0
11636,0
11637,1
11638,0
11639,1
11640,1
11641,1
11642,0
11643,2
11644,2
11645,2
11646,1
11647,0
11648,2
11649,0
11650,0
11651,2
11652,2
11653,0
11654,1
11655,0
11656,1
11657,1
11658,2
11659,2
11660,0
11661,2
11662,0
11663,1
11664,0
11665,0
11666,1
11667,2
11668,0
11669,0
11670,1
11671,2
11672,0
11673,1
11674,0
11675,2
11676,1
11677,1
11678,1
11679,1
11680,1
11681,2
11682,0
11683,2
11684,1
11685,0
11686,1
11687,2
11688,0
11689,2
11690,0
11691,2
11692,0
11693,1
11694,1
11695,1
11696,1
11697,2
11698,1
11699,1
11700,1
11701,2
11702,2
11703,2
11704,2
11705,2
11706,0
11707,1
11708,0
11709,1
11710,0
11711,2
11712,0
11713,1
11714,2
11715,2
11716,0
11717,1
11718,2
11719,2
11720,2
11721,2
11722,1
11723,0
11724,1
11725,1
11726,0
11727,1
11728,1
11729,2
11730,2
11731,1
11732,2
11733,0
11734,1
11735,0
11736,1
11737,1
11738,2
11739,1
11740,0
11741,2
11742,1
11743,2
11744,2
11745,2
11746,2
11747,1
11748,2
11749,1
11750,1
11751,0
11752,2
11753,0
11754,2
11755,1
11756,0
11757,2
11758,0
11759,0
11760,2
11761,1
11762,0
11763,2
11764,2
11765,1
11766,0
11767,2
11768,2
11769,1
11770,1
11771,1
11772,2
11773,0
11774,2
11775,0
11776,1
11777,1
11778,0
11779,0
11780,0
11781,2
11782,0
11783,0
11784,0
11785,1
11786,1
11787,0
11788,1
11789,0
11790,1
11791,0
11792,1
11793,0
11794,1
11795,1
11796,2
11797,1
11798,2
11799,0
11800,0
11801,1
11802,2
11803,1
11804,0
11805,0
11806,2
11807,0
11808,0
11809,2
11810,1
11811,2
11812,2
11813,0
11814,1
11815,2
11816,0
11817,0
11818,2
11819,0
11820,1
11821,2
11822,1
11823,0
11824,1
11825,0
11826,2
11827,2
11828,2
11829,2
11830,2
11831,1
11832,0
11833,2
11834,1
11835,2
11836,0
11837,1
11838,2
11839,0
11840,1
11841,2
11842,0
11843,2
11844,1
11845,2
11846,0
11847,2
11848,0
11849,0
11850,1
11851,2
11852,2
11853,0
11854,1
11855,0
11856,1
11857,1
11858,1
11859,1
11860,2
11861,1
11862,1
11863,2
11864,0
11865,0
11866,1
11867,1
11868,2
11869,2
11870,2
11871,0
11872,1
11873,1
11874,0
11875,1
11876,0
11877,2
11878,0
11879,2
11880,0
11881,1
11882,2
11883,0
11884,0
11885,2
11886,2
11887,0
11888,1
11889,1
11890,0
11891,2
11892,1
11893,0
11894,2
11895,0
11896,1
11897,1
11898,2
11899,1
11900,1
11901,0
11902,2
11903,0
11904,2
11905,0
11906,1
11907,0
11908,2
11909,0
11910,1
11911,0
11912,1
11913,2
11914,0
11915,2
11916,1
11917,1
11918,0
11919,0
11920,1
11921,1
11922,1
11923,0
11924,0
11925,1
11926,1
11927,2
11928,2
11929,2
11930,1
11931,1
11932,0
11933,0
11934,2
11935,1
11936,1
11937,1
11938,1
11939,0
11940,0
11941,1
11942,0
11943,1
11944,1
11945,1
11946,0
11947,1
11948,2
11949,0
11950,0
11951,1
11952,1
11953,2
11954,0
11955,1
11956,0
11957,2
11958,0
11959,1
11960,1
11961,2
11962,2
11963,1
11964,0
11965,2
11966,2
11967,1
11968,1
11969,0
11970,1
11971,0
11972,1
11973,0
11974,1
11975,2
11976,0
11977,0
11978,1
11979,1
11980,0
11981,2
11982,2
11983,2
11984,0
11985,1
11986,0
11987,1
11988,2
11989,2
11990,0
11991,0
11992,0
11993,0
11994,1
11995,1
11996,0
11997,2
11998,1
11999,0
12000,0
12001,1
12002,1
12003,2
12004,1
12005,2
12006,2
12007,0
12008,1
12009,1
12010,1
12011,2
12012,0
12013,2
12014,2
12015,1
12016,0
12017,2
12018,0
12019,2
12020,1
12021,1
12022,0
12023,0
12024,0
12025,2
12026,0
12027,1
12028,0
12029,1
12030,1
12031,0
12032,2
12033,1
12034,2
12035,2
12036,2
12037,2
12038,0
12039,0
12040,0
12041,1
12042,2
12043,1
12044,0
12045,2
12046,1
12047,1
12048,0
12049,1
12050,1
12051,0
12052,1
12053,2
12054,2
12055,2
12056,1
12057,1
12058,1
12059,1
12060,2
12061,0
12062,0
12063,1
12064,0
12065,1
12066,1
12067,2
12068,1
12069,1
12070,0
12071,2
12072,2
12073,2
12074,1
12075,1
12076,0
12077,0
12078,2
12079,2
12080,2
12081,1
12082,2
12083,1
12084,2
12085,2
12086,2
12087,2
12088,0
12089,0
12090,2
12091,1
12092,0
12093,0
12094,1
12095,0
12096,1
12097,0
12098,1
12099,0
12100,1
12101,1
12102,0
12103,1
12104,1
12105,2
12106,1
12107,1
12108,1
12109,0
12110,1
12111,0
12112,2
12113,1
12114,1
12115,0
12116,1
12117,0
12118,2
12119,0
12120,1
12121,1
12122,2
12123,0
12124,1
12125,0
12126,0
12127,2
12128,1
12129,1
12130,1
12131,2
12132,2
12133,2
12134,1
12135,1
12136,1
12137,0
12138,0
12139,0
12140,2
12141,0
12142,1
12143,2
12144,2
12145,1
12146,2
12147,0
12148,2
12149,1
12150,1
12151,1
12152,1
12153,0
12154,1
12155,2
12156,1
12157,0
12158,2
12159,1
12160,0
12161,1
12162,2
12163,0
12164,0
12165,1
12166,0
12167,1
12168,2
12169,0
12170,2
12171,1
12172,0
12173,0
12174,2
12175,2
12176,0
12177,2
12178,0
12179,2
12180,2
12181,1
12182,1
12183,2
12184,0
12185,0
12186,1
12187,2
12188,1
12189,0
12190,1
12191,2
12192,0
12193,0
12194,0
12195,0
12196,0
12197,1
12198,0
12199,1
12200,2
12201,2
12202,2
12203,0
12204,0
12205,2
12206,2
12207,2
12208,2
12209,1
12210,0
12211,2
12212,0
12213,2
12214,2
12215,2
12216,2
12217,2
12218,2
12219,0
12220,1
12221,0
12222,1
12223,2
12224,2
12225,2
12226,1
12227,2
12228,1
12229,2
12230,0
12231,0
12232,0
12233,2
12234,1
12235,1
12236,2
12237,1
12238,1
12239,0
12240,0
12241,1
12242,2
12243,1
12244,2
12245,1
12246,0
12247,0
12248,0
12249,0
12250,2
12251,2
12252,1
12253,2
12254,2
12255,2
12256,1
12257,1
12258,2
12259,2
12260,1
12261,0
12262,1
12263,0
12264,0
12265,2
12266,1
12267,1
12268,0
12269,1
12270,2
12271,1
12272,2
12273,2
12274,2
12275,2
12276,2
12277,0
12278,1
12279,2
12280,1
12281,0
12282,0
12283,2
12284,2
12285,1
12286,1
12287,1
12288,0
12289,1
12290,1
12291,0
12292,0
12293,1
12294,1
12295,0
12296,1
12297,0
12298,2
12299,2
12300,2
12301,2
12302,2
12303,0
12304,2
12305,2
12306,1
12307,2
12308,2
12309,1
12310,2
12311,1
12312,1
12313,0
12314,0
12315,0
12316,1
12317,0
12318,2
12319,1
12320,1
12321,1
12322,2
12323,1
12324,2
12325,2
12326,0
12327,2
12328,1
12329,1
12330,0
12331,0
12332,0
12333,2
12334,2
12335,2
12336,2
12337,0
12338,0
12339,0
12340,2
12341,0
12342,2
12343,1
12344,1
12345,0
12346,2
12347,1
12348,1
12349,0
12350,0
12351,2
12352,0
12353,0
12354,2
12355,0
12356,0
12357,0
12358,0
12359,2
12360,2
12361,2
12362,1
12363,0
12364,1
12365,2
12366,0
12367,0
12368,2
12369,2
12370,0
12371,1
12372,0
12373,2
12374,2
12375,1
12376,1
12377,2
12378,0
12379,2
12380,1
12381,1
12382,1
12383,0
12384,2
12385,1
12386,2
12387,1
12388,2
12389,1
12390,0
12391,2
12392,1
12393,1
12394,2
12395,1
12396,1
12397,2
12398,2
12399,2
12400,0
12401,0
12402,2
12403,0
12404,1
12405,0
12406,0
12407,0
12408,2
12409,0
12410,1
12411,2
12412,2
12413,2
12414,1
12415,2
12416,1
12417,1
12418,2
12419,2
12420,2
12421,0
12422,1
12423,2
12424,1
12425,1
12426,0
12427,1
12428,1
12429,1
12430,1
12431,1
12432,0
12433,1
12434,0
12435,2
12436,0
12437,1
12438,2
12439,2
12440,0
12441,0
12442,2
12443,0
12444,0
12445,2
12446,0
12447,2
12448,2
12449,0
12450,1
12451,2
12452,2
12453,2
12454,2
12455,1
12456,2
12457,1
12458,1
12459,0
12460,1
12461,1
12462,1
12463,1
12464,0
12465,0
12466,0
12467,0
12468,0
12469,0
12470,1
12471,2
12472,1
12473,1
12474,2
12475,2
12476,0
12477,0
12478,2
12479,2
12480,2
12481,0
12482,2
12483,1
12484,0
12485,0
12486,1
12487,1
12488,1
12489,1
12490,2
12491,0
12492,1
12493,0
12494,0
12495,2
12496,2
12497,1
12498,0
12499,0
12500,2
12501,1
12502,2
12503,1
12504,1
12505,0
12506,1
12507,1
12508,0
12509,2
12510,0
12511,0
12512,0
12513,1
12514,2
12515,2
12516,2
12517,2
12518,0
12519,0
12520,1
12521,0
12522,2
12523,1
12524,0
12525,0
12526,2
12527,0
12528,0
12529,2
12530,0
12531,1
12532,1
12533,0
12534,1
12535,0
12536,0
12537,0
12538,0
12539,0
12540,1
12541,0
12542,1
12543,1
12544,1
12545,0
12546,0
12547,1
12548,2
12549,1
12550,1
12551,0
12552,0
12553,1
12554,0
12555,1
12556,2
12557,1
12558,0
12559,2
12560,1
12561,0
12562,1
12563,1
12564,0
12565,2
12566,0
12567,2
12568,1
12569,2
12570,1
12571,2
12572,2
12573,2
12574,1
12575,0
12576,0
12577,2
12578,1
12579,1
12580,0
12581,2
12582,2
12583,0
12584,0
12585,2
12586,1
12587,2
12588,0
12589,2
12590,0
12591,1
12592,0
12593,0
12594,0
12595,1
12596,0
12597,2
12598,2
12599,1
12600,0
12601,2
12602,0
12603,0
12604,1
12605,2
12606,2
12607,2
12608,2
12609,0
12610,1
12611,0
12612,0
12613,1
12614,1
12615,2
12616,0
12617,2
12618,0
12619,2
12620,2
12621,1
12622,0
12623,2
12624,2
12625,2
12626,2
12627,2
12628,1
12629,0
12630,0
12631,0
12632,2
12633,2
12634,2
12635,0
12636,0
12637,0
12638,2
12639,2
12640,0
12641,1
12642,2
12643,2
12644,2
12645,0
12646,0
12647,1
12648,0
12649,0
12650,2
12651,0
12652,1
12653,2
12654,2
12655,0
12656,0
12657,2
12658,2
12659,0
12660,1
12661,0
12662,2
12663,0
12664,1
12665,0
12666,0
12667,0
12668,1
12669,1
12670,1
12671,1
12672,2
12673,1
12674,2
12675,2
12676,1
12677,2
12678,0
12679,2
12680,0
12681,2
12682,2
12683,1
12684,1
12685,0
12686,2
12687,0
12688,2
12689,1
12690,1
12691,1
12692,0
12693,0
12694,2
12695,1
12696,1
12697,1
12698,1
12699,0
12700,1
12701,2
12702,1
12703,0
12704,0
12705,2
12706,1
12707,2
12708,0
12709,1
12710,1
12711,0
12712,0
12713,0
12714,2
12715,2
12716,0
12717,0
12718,2
12719,2
12720,1
12721,1
12722,1
12723,1
12724,0
12725,2
12726,0
12727,0
12728,2
12729,2
12730,2
12731,0
12732,0
12733,2
12734,2
12735,2
12736,1
12737,2
12738,2
12739,1
12740,1
12741,1
12742,1
12743,2
12744,2
12745,1
12746,1
12747,1
12748,2
12749,1
12750,2
12751,1
12752,2
12753,0
12754,0
12755,2
12756,2
12757,0
12758,2
12759,0
12760,1
12761,0
12762,1
12763,0
12764,2
12765,0
12766,1
12767,2
12768,2
12769,0
12770,0
12771,2
12772,1
12773,0
12774,2
12775,2
12776,2
12777,2
12778,1
12779,1
12780,2
12781,2
12782,0
12783,1
12784,2
12785,1
12786,1
12787,1
12788,2
12789,0
12790,2
12791,1
12792,2
12793,1
12794,1
12795,2
12796,1
12797,2
12798,0
12799,1
12800,2
12801,1
12802,0
12803,2
12804,1
12805,0
12806,1
12807,1
12808,1
12809,0
12810,2
12811,0
12812,2
12813,2
12814,2
12815,1
12816,0
12817,1
12818,2
12819,2
12820,1
12821,1
12822,0
12823,2
12824,2
12825,0
12826,2
12827,0
12828,1
12829,1
12830,2
12831,2
12832,1
12833,1
12834,1
12835,2
12836,2
12837,0
12838,2
12839,2
12840,2
12841,2
12842,2
12843,0
12844,1
12845,1
12846,2
12847,0
12848,2
12849,2
12850,2
12851,0
12852,1
12853,0
12854,2
12855,0
12856,2
12857,2
12858,2
12859,1
12860,2
12861,1
12862,0
12863,2
12864,1
12865,1
12866,2
12867,0
12868,1
12869,1
12870,2
12871,1
12872,2
12873,1
12874,1
12875,1
12876,1
12877,2
12878,2
12879,1
12880,0
12881,0
12882,2
12883,2
12884,0
12885,1
12886,1
12887,1
12888,0
12889,2
12890,0
12891,1
12892,1
12893,0
12894,2
12895,0
12896,1
12897,2
12898,2
12899,2
12900,2
12901,1
12902,0
12903,0
12904,1
12905,0
12906,0
12907,0
12908,0
12909,2
12910,1
12911,0
12912,0
12913,0
12914,1
12915,0
12916,1
12917,0
12918,2
12919,1
12920,0
12921,0
12922,0
12923,0
12924,2
12925,2
12926,1
12927,0
12928,0
12929,2
12930,1
12931,2
12932,1
12933,2
12934,1
12935,2
12936,1
12937,0
12938,0
12939,1
12940,1
12941,0
12942,1
12943,1
12944,1
12945,2
12946,0
12947,1
12948,1
12949,0
12950,1
12951,0
12952,0
12953,0
12954,1
12955,2
12956,1
12957,0
12958,2
12959,2
12960,1
12961,0
12962,2
12963,2
12964,1
12965,1
12966,2
12967,0
12968,1
12969,1
12970,0
12971,2
12972,2
12973,0
12974,1
12975,2
12976,1
12977,0
12978,0
12979,2
12980,0
12981,1
12982,0
12983,2
12984,2
12985,1
12986,1
12987,0
12988,2
12989,1
12990,0
12991,1
12992,1
12993,1
12994,2
12995,2
12996,0
12997,2
12998,1
12999,2
13000,0
13001,0
13002,0
13003,2
13004,1
13005,2
13006,1
13007,0
13008,0
13009,2
13010,1
13011,0
13012,0
13013,1
13014,0
13015,2
13016,1
13017,0
13018,2
13019,0
13020,2
13021,2
13022,1
13023,2
13024,1
13025,2
13026,0
13027,0
13028,2
13029,1
13030,2
13031,2
13032,2
13033,2
13034,0
13035,0
13036,2
13037,1
13038,1
13039,2
13040,0
13041,0
13042,0
13043,1
13044,2
13045,1
13046,2
13047,0
13048,2
13049,1
13050,1
13051,2
13052,2
13053,0
13054,0
13055,2
13056,1
13057,0
13058,1
13059,2
13060,1
13061,0
13062,1
13063,1
13064,2
13065,0
13066,2
13067,1
13068,1
13069,1
13070,0
13071,1
13072,1
13073,1
13074,2
13075,1
13076,1
13077,0
13078,1
13079,0
13080,1
13081,0
13082,0
13083,1
13084,2
13085,1
13086,2
13087,0
13088,0
13089,2
13090,2
13091,2
13092,0
13093,1
13094,0
13095,1
13096,0
13097,0
13098,1
13099,2
13100,1
13101,1
13102,1
13103,0
13104,2
13105,1
13106,2
13107,2
13108,2
13109,1
13110,2
13111,0
13112,2
13113,1
13114,1
13115,2
13116,0
13117,1
13118,1
13119,2
13120,1
13121,0
13122,1
13123,1
13124,0
13125,0
13126,2
13127,0
13128,2
13129,1
13130,1
13131,1
13132,0
13133,2
13134,1
13135,1
13136,1
13137,0
13138,0
13139,1
13140,1
13141,2
13142,1
13143,0
13144,2
13145,2
13146,2
13147,1
13148,1
13149,0
13150,0
13151,1
13152,2
13153,1
13154,0
13155,0
13156,2
13157,1
13158,1
13159,1
13160,2
13161,1
13162,2
13163,2
13164,2
13165,1
13166,2
13167,2
13168,2
13169,1
13170,2
13171,0
13172,2
13173,1
13174,2
13175,2
13176,0
13177,1
13178,1
13179,1
13180,1
13181,0
13182,0
13183,1
13184,0
13185,1
13186,1
13187,1
13188,1
13189,2
13190,2
13191,2
13192,2
13193,1
13194,1
13195,2
13196,2
13197,1
13198,0
13199,0
13200,2
13201,2
13202,1
13203,1
13204,0
13205,0
13206,2
13207,1
13208,0
13209,2
13210,1
13211,1
13212,1
13213,1
13214,1
13215,1
13216,0
13217,2
13218,2
13219,2
13220,1
13221,1
13222,2
13223,1
13224,1
13225,2
13226,0
13227,0
13228,2
13229,2
13230,2
13231,0
13232,0
13233,0
13234,2
13235,0
13236,2
13237,1
13238,0
13239,1
13240,1
13241,0
13242,0
13243,1
13244,2
13245,0
13246,0
13247,0
13248,2
13249,2
13250,2
13251,1
13252,1
13253,0
13254,2
13255,1
13256,0
13257,2
13258,1
13259,1
13260,2
13261,2
13262,2
13263,0
13264,2
13265,2
13266,1
13267,1
13268,1
13269,1
13270,2
13271,0
13272,1
13273,1
13274,0
13275,1
13276,1
13277,2
13278,2
13279,1
13280,2
13281,0
13282,1
13283,0
13284,2
13285,0
13286,0
13287,0
13288,2
13289,0
13290,2
13291,0
13292,2
13293,1
13294,1
13295,2
13296,0
13297,2
13298,0
13299,1
13300,1
13301,2
13302,1
13303,0
13304,2
13305,1
13306,0
13307,0
13308,2
13309,0
13310,2
13311,1
13312,1
13313,2
13314,1
13315,1
13316,2
13317,2
13318,0
13319,0
13320,2
13321,0
13322,1
13323,0
13324,1
13325,1
13326,0
13327,0
13328,1
13329,1
13330,1
13331,1
13332,2
13333,0
13334,2
13335,2
13336,2
13337,0
13338,2
13339,2
13340,2
13341,1
13342,0
13343,1
13344,1
13345,1
13346,0
13347,1
13348,2
13349,1
13350,1
13351,2
13352,1
13353,1
13354,0
13355,2
13356,2
13357,2
13358,2
13359,2
13360,1
13361,1
13362,1
13363,0
13364,2
13365,2
13366,0
13367,1
13368,1
13369,0
13370,1
13371,0
13372,0
13373,0
13374,2
13375,1
13376,2
13377,1
13378,1
13379,0
13380,2
13381,0
13382,0
13383,0
13384,0
13385,2
13386,0
13387,0
13388,1
13389,0
13390,1
13391,1
13392,1
13393,1
13394,1
13395,2
13396,0
13397,1
13398,0
13399,1
13400,0
13401,0
13402,0
13403,1
13404,0
13405,0
13406,1
13407,2
13408,2
13409,2
13410,2
13411,2
13412,0
13413,1
13414,2
13415,1
13416,2
13417,1
13418,1
13419,0
13420,0
13421,0
13422,0
13423,0
13424,0
13425,1
13426,0
13427,0
13428,0
13429,1
13430,1
13431,0
13432,1
13433,0
13434,0
13435,1
13436,0
13437,0
13438,1
13439,2
13440,0
13441,1
13442,0
13443,1
13444,2
13445,1
13446,1
13447,1
13448,1
13449,1
13450,1
13451,0
13452,0
13453,0
13454,1
13455,1
13456,2
13457,2
13458,1
13459,2
13460,0
13461,2
13462,2
13463,0
13464,2
13465,1
13466,1
13467,2
13468,0
13469,1
13470,0
13471,2
13472,2
13473,0
13474,1
13475,0
13476,0
13477,0
13478,2
13479,1
13480,2
13481,0
13482,2
13483,0
13484,0
13485,0
13486,2
13487,1
13488,1
13489,1
13490,1
13491,1
13492,1
13493,2
13494,0
13495,2
13496,0
13497,1
13498,1
13499,1
13500,2
13501,0
13502,1
13503,0
13504,0
13505,1
13506,2
13507,2
13508,1
13509,2
13510,2
13511,0
13512,1
13513,2
13514,0
13515,1
13516,1
13517,1
13518,0
13519,2
13520,1
13521,1
13522,2
13523,0
13524,2
13525,0
13526,1
13527,1
13528,0
13529,0
13530,2
13531,0
13532,0
13533,0
13534,1
13535,1
13536,2
13537,2
13538,1
13539,1
13540,0
13541,0
13542,1
13543,1
13544,1
13545,2
13546,2
13547,0
13548,0
13549,0
13550,1
13551,1
13552,2
13553,0
13554,2
13555,2
13556,1
13557,1
13558,2
13559,2
13560,2
13561,2
13562,2
13563,2
13564,1
13565,2
13566,2
13567,0
13568,2
13569,2
13570,0
13571,2
13572,2
13573,1
13574,2
13575,2
13576,2
13577,0
13578,0
13579,2
13580,1
13581,2
13582,0
13583,0
13584,0
13585,1
13586,1
13587,0
13588,0
13589,1
13590,0
13591,1
13592,0
13593,0
13594,1
13595,0
13596,2
13597,0
13598,1
13599,1
13600,0
13601,0
13602,0
13603,2
13604,2
13605,1
13606,0
13607,1
13608,2
13609,2
13610,1
13611,2
13612,1
13613,0
13614,1
13615,1
13616,2
13617,0
13618,1
13619,0
13620,2
13621,0
13622,2
13623,0
13624,0
13625,0
13626,0
13627,1
13628,0
13629,2
13630,0
13631,1
13632,0
13633,2
13634,0
13635,1
13636,1
13637,0
13638,0
13639,2
13640,1
13641,1
13642,0
13643,1
13644,2
13645,2
13646,0
13647,0
13648,2
13649,0
13650,1
13651,1
13652,2
13653,1
13654,0
13655,1
13656,1
13657,2
13658,0
13659,2
13660,2
13661,0
13662,1
13663,1
13664,1
13665,2
13666,0
13667,2
13668,1
13669,0
13670,1
13671,1
13672,2
13673,0
13674,1
13675,2
13676,2
13677,2
13678,1
13679,1
13680,2
13681,0
13682,1
13683,1
13684,2
13685,0
13686,2
13687,2
13688,0
13689,2
13690,1
13691,1
13692,2
13693,1
13694,0
13695,1
13696,2
13697,0
13698,0
13699,1
13700,0
13701,2
13702,1
13703,2
13704,1
13705,1
13706,2
13707,0
13708,0
13709,1
13710,2
13711,0
13712,1
13713,2
13714,0
13715,1
13716,0
13717,2
13718,1
13719,1
13720,0
13721,2
13722,0
13723,0
13724,1
13725,0
13726,0
13727,1
13728,1
13729,0
13730,1
13731,0
13732,1
13733,1
13734,2
13735,1
13736,1
13737,0
13738,1
13739,2
13740,0
13741,1
13742,0
13743,2
13744,1
13745,0
13746,2
13747,1
13748,0
13749,2
13750,0
13751,2
13752,0
13753,0
13754,1
13755,0
13756,0
13757,1
13758,0
13759,1
13760,2
13761,2
13762,2
13763,0
13764,1
13765,1
13766,2
13767,2
13768,2
13769,2
13770,1
13771,1
13772,2
13773,1
13774,2
13775,1
13776,0
13777,2
13778,0
13779,1
13780,0
13781,1
13782,2
13783,2
13784,2
13785,2
13786,2
13787,1
13788,2
13789,2
13790,0
13791,1
13792,1
13793,0
13794,2
13795,0
13796,1
13797,0
13798,0
13799,0
13800,1
13801,2
13802,2
13803,1
13804,0
13805,2
13806,0
13807,0
13808,2
13809,0
13810,1
13811,2
13812,2
13813,2
13814,2
13815,0
13816,2
13817,2
13818,1
13819,1
13820,0
13821,1
13822,1
13823,1
13824,0
13825,2
13826,0
13827,2
13828,1
13829,1
13830,0
13831,0
13832,2
13833,1
13834,0
13835,0
13836,2
13837,1
13838,1
13839,2
13840,0
13841,0
13842,2
13843,2
13844,1
13845,1
13846,2
13847,2
13848,0
13849,0
13850,0
13851,2
13852,0
13853,0
13854,2
13855,0
13856,1
13857,0
13858,0
13859,1
13860,1
13861,1
13862,1
13863,2
13864,1
13865,2
13866,2
13867,1
13868,1
13869,1
13870,2
13871,0
13872,0
13873,0
13874,1
13875,1
13876,0
13877,0
13878,0
13879,0
13880,1
13881,0
13882,2
13883,2
13884,2
13885,2
13886,1
13887,2
13888,0
13889,2
13890,1
13891,0
13892,1
13893,0
13894,1
13895,0
13896,0
13897,0
13898,2
13899,2
13900,1
13901,2
13902,2
13903,0
13904,1
13905,1
13906,0
13907,1
13908,2
13909,2
13910,0
13911,0
13912,1
13913,1
13914,1
13915,1
13916,0
13917,0
13918,0
13919,1
13920,1
13921,2
13922,2
13923,2
13924,0
13925,0
13926,0
13927,1
13928,1
13929,0
13930,1
13931,0
13932,2
13933,0
13934,1
13935,1
13936,0
13937,2
13938,0
13939,0
13940,0
13941,0
13942,2
13943,1
13944,0
13945,1
13946,1
13947,1
13948,2
13949,0
13950,0
13951,2
13952,0
13953,1
13954,1
13955,0
13956,1
13957,0
13958,0
13959,0
13960,0
13961,0
13962,2
13963,1
13964,0
13965,2
13966,0
13967,2
13968,0
13969,2
13970,0
13971,0
13972,0
13973,0
13974,2
13975,0
13976,1
13977,0
13978,1
13979,2
13980,2
13981,2
13982,2
13983,1
13984,2
13985,2
13986,1
13987,2
13988,2
13989,0
13990,1
13991,1
13992,0
13993,2
13994,2
13995,0
13996,2
13997,0
13998,0
13999,2
14000,0
14001,1
14002,1
14003,1
14004,1
14005,0
14006,2
14007,0
14008,1
14009,2
14010,2
14011,1
14012,0
14013,1
14014,0
14015,0
14016,0
14017,2
14018,1
14019,1
14020,2
14021,2
14022,0
14023,2
14024,1
14025,0
14026,1
14027,1
14028,0
14029,1
14030,1
14031,2
14032,2
14033,2
14034,2
14035,2
14036,0
14037,0
14038,0
14039,0
14040,2
14041,1
14042,1
14043,1
14044,0
14045,0
14046,2
14047,0
14048,1
14049,1
14050,0
14051,0
14052,1
14053,0
14054,2
14055,2
14056,0
14057,2
14058,2
14059,2
14060,1
14061,2
14062,2
14063,2
14064,2
14065,2
14066,1
14067,1
14068,2
14069,2
14070,2
14071,2
14072,2
14073,0
14074,0
14075,1
14076,1
14077,2
14078,0
14079,0
14080,1
14081,0
14082,1
14083,0
14084,0
14085,0
14086,0
14087,0
14088,2
14089,2
14090,0
14091,0
14092,1
14093,2
14094,1
14095,1
14096,1
14097,1
14098,1
14099,0
14100,1
14101,1
14102,0
14103,1
14104,0
14105,2
14106,0
14107,0
14108,0
14109,2
14110,1
14111,1
14112,2
14113,1
14114,2
14115,2
14116,2
14117,1
14118,0
14119,0
14120,2
14121,1
14122,2
14123,1
14124,1
14125,0
14126,1
14127,2
14128,2
14129,0
14130,2
14131,0
14132,2
14133,0
14134,2
14135,2
14136,1
14137,0
14138,0
14139,1
14140,2
14141,2
14142,1
14143,1
14144,2
14145,1
14146,1
14147,0
14148,1
14149,2
14150,1
14151,0
14152,2
14153,2
14154,1
14155,1
14156,0
14157,0
14158,1
14159,0
14160,2
14161,1
14162,1
14163,0
14164,1
14165,1
14166,1
14167,0
14168,2
14169,2
14170,2
14171,0
14172,1
14173,0
14174,2
14175,2
14176,1
14177,2
14178,2
14179,2
14180,1
14181,1
14182,2
14183,1
14184,1
14185,2
14186,0
14187,0
14188,0
14189,0
14190,1
14191,0
14192,2
14193,0
14194,0
14195,2
14196,0
14197,0
14198,2
14199,1
14200,0
14201,0
14202,2
14203,1
14204,1
14205,2
14206,1
14207,2
14208,0
14209,2
14210,2
14211,1
14212,2
14213,0
14214,2
14215,0
14216,1
14217,2
14218,1
14219,2
14220,0
14221,2
14222,1
14223,1
14224,1
14225,0
14226,0
14227,2
14228,0
14229,1
14230,1
14231,0
14232,1
14233,2
14234,1
14235,1
14236,0
14237,2
14238,0
14239,1
14240,1
14241,2
14242,2
14243,2
14244,2
14245,0
14246,0
14247,0
14248,2
14249,1
14250,1
14251,0
14252,2
14253,2
14254,2
14255,0
14256,2
14257,0
14258,2
14259,0
14260,0
14261,1
14262,2
14263,2
14264,1
14265,0
14266,0
14267,1
14268,2
14269,0
14270,2
14271,0
14272,0
14273,2
14274,0
14275,0
14276,1
14277,0
14278,0
14279,0
14280,1
14281,1
14282,1
14283,2
14284,0
14285,1
14286,1
14287,0
14288,2
14289,0
14290,2
14291,2
14292,1
14293,2
14294,0
14295,1
14296,1
14297,2
14298,0
14299,0
14300,2
14301,0
14302,0
14303,0
14304,0
14305,2
14306,2
14307,2
14308,2
14309,0
14310,1
14311,1
14312,0
14313,1
14314,2
14315,2
14316,0
14317,1
14318,2
14319,0
14320,1
14321,2
14322,0
14323,1
14324,1
14325,2
14326,0
14327,2
14328,1
14329,2
14330,1
14331,2
14332,1
14333,0
14334,0
14335,0
14336,1
14337,1
14338,1
14339,1
14340,1
14341,2
14342,0
14343,1
14344,0
14345,2
14346,0
14347,0
14348,0
14349,0
14350,1
14351,0
14352,2
14353,2
14354,1
14355,2
14356,1
14357,0
14358,2
14359,2
14360,0
14361,1
14362,2
14363,1
14364,1
14365,2
14366,0
14367,2
14368,0
14369,0
14370,0
14371,0
14372,1
14373,0
14374,2
14375,2
14376,0
14377,2
14378,2
14379,2
14380,1
14381,2
14382,2
14383,0
14384,2
14385,2
14386,2
14387,2
14388,2
14389,2
14390,1
14391,0
14392,1
14393,0
14394,0
14395,0
14396,1
14397,0
14398,2
14399,1
14400,2
14401,0
14402,2
14403,2
14404,0
14405,2
14406,1
14407,1
14408,2
14409,2
14410,2
14411,2
14412,1
14413,1
14414,0
14415,0
14416,0
14417,0
14418,1
14419,1
14420,1
14421,0
14422,0
14423,1
14424,0
14425,0
14426,1
14427,2
14428,2
14429,0
14430,2
14431,1
14432,0
14433,2
14434,0
14435,1
14436,2
14437,2
14438,0
14439,2
14440,0
14441,2
14442,1
14443,2
14444,2
14445,2
14446,2
14447,2
14448,1
14449,0
14450,2
14451,2
14452,1
14453,2
14454,2
14455,0
14456,0
14457,2
14458,0
14459,2
14460,0
14461,0
14462,1
14463,1
14464,2
14465,2
14466,0
14467,0
14468,1
14469,2
14470,2
14471,2
14472,0
14473,2
14474,1
14475,2
14476,1
14477,1
14478,0
14479,2
14480,0
14481,2
14482,1
14483,1
14484,0
14485,1
14486,1
14487,1
14488,2
14489,0
14490,1
14491,2
14492,1
14493,0
14494,1
14495,2
14496,2
14497,1
14498,1
14499,2
